"Hull","Name","Name (Hull)","Ship Alt Title","Ship Type","Class","UIC","Status","Fleet","Date Status Last Changed","Homeport","Maintenance Category","Berth","Force","Builder","Award Date","Commission Date","Keel Date","Inactivation Date","Launch Date","Decommission Date","Delivery Date","InService Date","Out Service Date","Stricken Date","Overall Length","Waterline Length","Extreme Beam","Waterline Beam","Max Navigational Draft","Draft Limit","Light Displacement","Full Displacement","Dead Weight","Hull Material","No. of Propellers","No. of Waterjets","Propulsion Type","Accommodations Officers","Accommodations Enlisted","Custodian","Planning Yard","Nuclear Planning Yard","Ships Program Manager","Comments","Last Updated"
"AK 3003","1ST LT ALEX BONNYMAN","1ST LT ALEX BONNYMAN (AK 3003)","(ex - EMILIE MAERSK)","CARGO SHIP","AK 3000","21585","Disposed of by return to owner","","07/15/2009","","","","","","","","","","","","","","","","755 ft","","90 ft","","33 ft","","23365 tons","44088 tons","20723 tons","","1","","Diesel","","","","","","","","02/22/2011"
"T-AK 3010","1ST LT BALDOMERO LOPEZ","USNS 1ST LT BALDOMERO LOPEZ (T-AK 3010)","","CARGO SHIP","AK 3008","21512","Military Sealift Command (MSC), in service, contract operated","U.S. PACIFIC FLEET","01/17/2006","","","","Strategic Sealift Force","","","","","","","","11/20/1985","11/20/1985","","","674 ft","627 ft","108 ft","106 ft","25 ft","32 ft","19602 tons","46111 tons","26509 tons","Steel hull, steel superstructure.","1","","Diesel Electric","8","25","MILITARY SEALIFT COMMAND","","","","","06/13/2022"
"AK 3015","1ST LT HARRY L MARTIN","1ST LT HARRY L MARTIN (AK 3015)","(ex - TARAGO)","CARGO SHIP","AK 3015","23005","Stricken, Final Disposition Pending","","12/30/2021","","X","","","BREMEN-VEGESACK,","","","","","","","01/01/1980","01/01/1980","12/30/2021","12/30/2021","754 ft","721 ft","106 ft","106 ft","34 ft","36 ft","28013 tons","51648 tons","23635 tons","Steel hull, steel superstructure.","1","","Diesel Electric","9","15","MILITARY SEALIFT COMMAND","","","","","06/13/2022"
"T-AK 3011","1ST LT JACK LUMMUS","USNS 1ST LT JACK LUMMUS (T-AK 3011)","","CARGO SHIP","AK 3008","21633","Military Sealift Command (MSC), in service, contract operated","U.S. PACIFIC FLEET","01/17/2006","","","","Strategic Sealift Force","","","","","","","","03/06/1986","03/06/1986","","","674 ft","627 ft","108 ft","106 ft","25 ft","32 ft","19588 tons","46111 tons","26523 tons","Steel hull, steel superstructure.","1","","Diesel Electric","8","25","MILITARY SEALIFT COMMAND","","","","","06/13/2022"
"T-AK 3008","2ND LT JOHN P BOBO","USNS 2ND LT JOHN P BOBO (T-AK 3008)","","CARGO SHIP","AK 3008","21629","Military Sealift Command (MSC), in service, contract operated","U.S. ATLANTIC FLEET","01/16/2007","","","","Strategic Sealift Force","Kaiser Co., Inc., Swan Island","","","","","","","02/14/1985","02/14/1985","","","674 ft","627 ft","108 ft","106 ft","25 ft","32 ft","19602 tons","46111 tons","26509 tons","Steel hull, steel superstructure.","1","","Diesel Electric","8","25","MILITARY SEALIFT COMMAND","","","","","06/13/2022"
"AK 4638","A1C WILLIAM H PITSENBARGER","A1C WILLIAM H PITSENBARGER (AK 4638)","","CARGO SHIP","AK 4638","23518","Disposed of by return to owner","","08/29/2008","","","","","","","","","","","","","","","","620 ft","","106 ft","","37 ft","","","31986 tons","","","","","","","","","","","","","02/16/2011"
"AW 4","ABATAN","ABATAN (AW 4)","(ex - MC 1827)","DISTILLING SHIP","AW 3","04842","Disposed of in support of Fleet training exercise","","03/01/1980","","","","","","","","","","","","","","","05/01/1970","","","","","","","","","","","","","","","","US NAVY","","","","","01/02/2002"
"DD 629","ABBOT","ABBOT (DD 629)","","DESTROYER","DD 448","04029","Disposed of, by Navy Sale","","08/01/1975","","","","","","","","","","","","","","","12/01/1974","","","","","","","","","","","","","","","","SCHOOLS, ORGANIZATIONS AND PRIVATE ENTERPRISES","","","","","12/17/2001"
"AFDL 7","ABILITY","ABILITY (AFDL 7)","(ex - AFD 7)","SMALL AUXILIARY FLOATING DRY DOCK (N-S-P)","AFDL 7","14807","Disposed of, by Navy Sale","","07/01/1982","","","","","Chicago Bridge & Iron Co.","","","","","","","","","","","","","","","","","","","","Steel hull, steel superstructure.","","","","","","SCHOOLS, ORGANIZATIONS AND PRIVATE ENTERPRISES","","","","","09/08/2000"
"YTM 493","ABINAGO","ABINAGO (YTM 493)","(ex - YTB 493)","MEDIUM HARBOR TUG (S-P)","YTM 192","13393","Disposed of by transfer to other Government Agencies, States. Schools, Sea Scouts, etc.","","08/01/1975","","","","","","","","","","","","","","","","","","","","","","","","","","","","","","","SCHOOLS, ORGANIZATIONS AND PRIVATE ENTERPRISES","","","","","07/08/2010"
"T-AGOS 20","ABLE","USNS ABLE (T-AGOS 20)","","SURVEILLANCE SHIP","AGOS 19","21866","Military Sealift Command (MSC), Special Mission Ships","U.S. PACIFIC FLEET","03/19/2007","","","","Support Force","McDermott Shipyards","10/07/1988","","05/23/1989","","02/16/1991","","07/22/1992","07/22/1992","","","235 ft","190 ft","94 ft","80 ft","25 ft","25 ft","2745 tons","3410 tons","665 tons","Steel hull, steel superstructure.","2","","Diesel Electric","8","14","MILITARY SEALIFT COMMAND","Military Sealift Command","","MSC","","02/20/2020"
"ATF 96","ABNAKI","ABNAKI (ATF 96)","(ex - AT 96)","FLEET OCEAN TUG","ATF 96","07096","Disposed of through the Security Assistance Program (SAP), transferred, cash sale, ex-US fleet hull foreign military sale case number assigned","","09/01/1978","","","","","","","","","","","","","","","09/30/1978","","","","","","","","","","","","","","","","MEXICO","","","","","12/28/2001"
"CVN 72","ABRAHAM LINCOLN","USS ABRAHAM LINCOLN (CVN 72)","","MULTI-PURPOSE AIRCRAFT CARRIER (NUCLEAR-POWERED)","CVN 68","21297","Active, in commission","U.S. PACIFIC FLEET","11/11/1989","SAN DIEGO, CA","","","Battle Force","Newport News Shipbuilding","12/27/1982","11/11/1989","11/03/1984","","02/13/1988","","10/30/1989","","","","1092 ft","1040 ft","252 ft","134 ft","42 ft","41 ft","81208 tons","104112 tons","22904 tons","Steel hull, steel superstructure.","4","","Steam Turbines (Nuclear)","200","6075","US NAVY","Norfolk Naval Shipyard","Newport News Shipbuilding and Drydock Co., Newport News, VA","PMS 312","","10/03/2019"
"SSBN 602","ABRAHAM LINCOLN","ABRAHAM LINCOLN (SSBN 602)","","BALLISTIC MISSILE SUBMARINE (NUCLEAR-POWERED)","SSBN 598","05110","Disposed of by submarine recycling","","05/10/1994","","","","","Naval Shipyard Portsmouth","07/30/1958","03/11/1961","11/01/1958","","05/14/1960","02/28/1981","03/08/1961","","","12/01/1982","","","","","","","","","","","","","Steam Turbine (Nuclear)","","","PUGET SOUND NAVAL SHIPYARD, BREMERTON, WA (NAVSHIPYD)","","","","","03/01/1999"
"AD 42","ACADIA","ACADIA (AD 42)","","DESTROYER TENDER","AD 41","21047","Disposed of in support of Fleet training exercise","","09/20/2010","","","","","General Dynamics, National Steel & Shipbuilding Corp.","03/11/1976","06/06/1981","02/14/1978","","07/28/1979","12/16/1994","05/05/1981","","","12/13/2007","642 ft","620 ft","85 ft","67 ft","27 ft","25 ft","13526 tons","20473 tons","6947 tons","Steel hull, steel superstructure.","1","","Steam Turbines","87","1508","","","","","","08/21/2019"
"YTM 545","ACCOHANOC","ACCOHANOC (YTM 545)","(ex - YTB 545)","MEDIUM HARBOR TUG (S-P)","YTM 518","12745","Disposed of by Navy title transfer to the Maritime Administration","","06/10/1987","","","","","","","","","","","","","","","","","","","","","","","","","","","","","","","MARITIME ADMINISTRATION (NATIONAL DEFENSE RESERVE FLEET)","","","","","07/05/2000"
"ATA 181","ACCOKEEK","ACCOKEEK (ATA 181)","(ex - ATR 108)","AUXILIARY OCEAN TUG","ATA 174","08108","Disposed of by transfer to other Government Agencies, States. Schools, Sea Scouts, etc.","","02/20/1987","","","","","Levingston Shipbuilding Co.","08/16/1943","10/07/1944","06/15/1944","","07/27/1944","06/29/1972","10/06/1944","","","03/31/1986","143 ft","127 ft","34 ft","34 ft","15 ft","14 ft","610 tons","860 tons","250 tons","Steel hull, steel superstructure.","1","","Diesel","5","44","US NAVY","","","","","04/28/2004"
"YTB 812","ACCOMAC","ACCOMAC (YTB 812)","","LARGE HARBOR TUG (S-P)","YTB 760","12644","Sold through the General Services Administration (GSA) for reuse","","09/20/2013","","","","","Peterson Builders Inc.","06/22/1970","","01/12/1971","","06/08/1971","","11/12/1971","","","03/23/2012","109 ft","101 ft","29 ft","31 ft","14 ft","12 ft","282 tons","344 tons","62 tons","Steel hull, steel superstructure.","1","","Diesel Engine","","12","","","","","","06/27/2018"
"ARL 1","ACHELOUS","ACHELOUS (ARL 1)","(ex - LST 10)","REPAIR SHIP, SMALL","ARL 1","50010","Disposed of, by Navy Sale","","01/01/1974","","","","","","","","","","","","","","","06/01/1973","","","","","","","","","","","","","","","","SCHOOLS, ORGANIZATIONS AND PRIVATE ENTERPRISES","","","","","01/02/2002"
"ATF 148","ACHOMAWI","ACHOMAWI (ATF 148)","(ex - AT 148)","FLEET OCEAN TUG","ATF 148","","Disposed of, by Navy Sale","","04/22/1986","","","","","Charleston Shipbuilding and Dry Dock Co.","10/13/1943","12/30/1944","","","06/14/1944","06/10/1947","09/15/1944","","","09/01/1962","205 ft","195 ft","39 ft","39 ft","12 ft","","1280 tons","1640 tons","360 tons","Steel hull, steel superstructure.","1","","Diesel Electric","6","71","TAIWAN","","","","","04/08/2003"
"MSO 508","ACME","ACME (MSO 508)","(ex - AM 508)","MINESWEEPER,OCEAN","MSO 508","08156","Disposed of, by Navy Sale","","11/01/1976","","","","","","","","","","","","","","","05/15/1976","","","","","","","","","","","","","","","","SCHOOLS, ORGANIZATIONS AND PRIVATE ENTERPRISES","","","","","12/28/2001"
"YTM 701","ACOMA","ACOMA (YTM 701)","(ex - YTB 701)","MEDIUM HARBOR TUG (S-P)","YTM 518","13701","Disposed of by transfer to other Government Agencies, States. Schools, Sea Scouts, etc.","","12/01/1985","","","","","","","","","","","","","","","","","","","","","","","","","","","","","","","SCHOOLS, ORGANIZATIONS AND PRIVATE ENTERPRISES","","","","","07/05/2000"
"DE 167","ACREE","ACREE (DE 167)","","ESCORT SHIP","DE 99","02867","Disposed of, by Navy Sale","","06/01/1973","","","","","","","","","","","","","","","07/01/1972","","","","","","","","","","","","","","","","SCHOOLS, ORGANIZATIONS AND PRIVATE ENTERPRISES","","","","","01/02/2002"
"AFDL 23","ADEPT","ADEPT (AFDL 23)","(ex - AFD 23)","SMALL AUXILIARY FLOATING DRY DOCK (N-S-P)","AFDL 1","14823","Disposed of by Navy sale","","03/26/2010","","","","","Auchter, George D., Co.","","","","","","","12/01/1944","","","08/27/2009","200 ft","","64 ft","","4 ft","","1200 tons","","","Steel hull, steel superstructure.","","","","","","SCHOOLS, ORGANIZATIONS AND PRIVATE ENTERPRISES","","","","","04/07/2010"
"AKR 1001","ADMIRAL W M CALLAGHAN","ADMIRAL W M CALLAGHAN (AKR 1001)","","VEHICLE CARGO SHIP","AKR 1001","43365","MARAD Titled Vessel, Not Navy Owned","","10/27/2021","","","","","Sun Shipbuilding & Dry Dock Co.","","","","","","","","","","","694 ft","627 ft","92 ft","","29 ft","","13161 tons","26537 tons","13376 tons","Steel hull, steel superstructure.","2","","Gas Turbines","","","","","","","AKR 1001 is/was titled with the United States Maritime Administration (MARAD) as part of the Ready Reserve Force (RRF). The Naval Vessel Register no longer tracks vessels of the RRF. Final disposition of vessel is controlled by MARAD.","11/01/2021"
"AF 30","ADRIA","ADRIA (AF 30)","(ex - MC 2194)","STORE SHIP","AF 30","08615","Disposed of by MARAD sale","","07/27/1977","","","","","","04/10/1945","","12/27/1943","","04/16/1944","","11/30/1944","","","07/01/1974","","","","","","","","","","","","","","","","MARITIME ADMINISTRATION (NATIONAL DEFENSE RESERVE FLEET)","","","","","12/17/2001"
"MSO 509","ADROIT","ADROIT (MSO 509)","(ex - AM 509)","MINESWEEPER,OCEAN","MSO 508","08157","Disposed of, by Navy Sale","","04/15/1994","","","","","FRANK L SAMPLE JR INC","06/25/1954","03/04/1957","11/18/1954","","08/20/1955","05/08/1992","03/04/1957","","","05/08/1992","","","","","","","","","","","","","Diesel","","","SCHOOLS, ORGANIZATIONS AND PRIVATE ENTERPRISES","","","","","05/29/2007"
"MSO 510","ADVANCE","ADVANCE (MSO 510)","(ex - AM 510)","MINESWEEPER,OCEAN","MSO 508","08158","Disposed of, by Navy Sale","","11/01/1976","","","","","","","","","","","","","","","05/15/1976","","","","","","","","","","","","","","","","SCHOOLS, ORGANIZATIONS AND PRIVATE ENTERPRISES","","","","","12/28/2001"
"AGOS 13","ADVENTUROUS","ADVENTUROUS (AGOS 13)","","SURVEILLANCE SHIP","AGOS 1","21576","Disposed of by transfer to other Government Agencies, States. Schools, Sea Scouts, etc.","","06/05/1992","","","James River Reserve Fleet, Fort Eustis, VA","","Halter Marine Inc.","04/05/1985","","12/19/1985","","09/23/1987","","08/19/1988","","","06/05/1992","","","","","","","","","","","2","","Diesel Electric","","","NATIONAL OCEANIC AND ATMOSPHERIC ADMINISTRATION (NOAA)","","","","","02/18/1999"
"ARC 3","AEOLUS","AEOLUS (ARC 3)","(ex - AKA 47)","CABLE REPAIRING SHIP","ARC 3","01247","Disposed of by transfer to other Government Agencies, States. Schools, Sea Scouts, etc.","","12/24/1987","","","","","WALSH-KAISER CO INC","","06/18/1945","","","05/20/1945","","06/18/1945","","","03/28/1985","","","","","","","","","","","","","","","","SCHOOLS, ORGANIZATIONS AND PRIVATE ENTERPRISES","","","","","12/28/2001"
"MSO 511","AFFRAY","AFFRAY (MSO 511)","(ex - AM 511)","MINESWEEPER,OCEAN","MSO 508","08159","Disposed of by Dismantling (Scrapping/Recycling)","","05/17/2002","","","","","FRANK L SAMPLE JR INC","06/25/1954","12/08/1958","08/24/1955","","12/18/1956","12/20/1992","","","","06/28/1993","173 ft","","","","","","738 tons","","","Wood hull, (except engines and equipment).","2","","Diesel","","","","","","","","12/12/2017"
"YTT 12","AGATE PASS","AGATE PASS (YTT 12)","","TORPEDO TRIALS CRAFT (S-P)","YTT 9","20501","Disposed of by transfer to other Government Agencies, States. Schools, Sea Scouts, etc.","","01/31/2000","","","","","McDermott Shipyards","12/01/1988","","","","09/06/1990","","07/01/1991","","","08/13/1999","186 ft","","40 ft","","11 ft","12 ft","","1168 tons","","Steel hull, steel superstructure.","3","","Diesel Electric","","","NATIONAL OCEANIC AND ATMOSPHERIC ADMINISTRATION (NOAA)","","","","","10/10/2002"
"YTB 809","AGAWAM","AGAWAM (YTB 809)","","LARGE HARBOR TUG (S-P)","YTB 760","12641","Disposed of, sold by Defense Reutilization and Marketing Service (DRMS) for reuse/conversion","","11/13/2002","","","","","Peterson Builders Inc.","06/22/1970","","08/24/1970","","04/10/1971","","07/28/1971","","","11/09/1999","109 ft","101 ft","29 ft","31 ft","14 ft","12 ft","282 tons","344 tons","62 tons","Steel hull, steel superstructure.","1","","Diesel Engines","","12","","","","","","09/27/2017"
"DD 826","AGERHOLM","AGERHOLM (DD 826)","","DESTROYER","DD 710","52126","Disposed of in support of Fleet training exercise","","07/18/1982","","","","","Bath Iron Works Corp.","","06/20/1946","09/10/1945","","03/30/1946","","06/20/1946","","","","","","","","","","","","","Steel hull, steel superstructure.","","","","","","US NAVY","","","","","03/13/2001"
"MSO 422","AGGRESSIVE","AGGRESSIVE (MSO 422)","(ex - AM 422)","MINESWEEPER,OCEAN","MSO 422","07952","Disposed of, by Navy Sale","","05/01/1980","","","","","","","","","","","","","","","02/28/1975","","","","","","","","","","","","","","","","SCHOOLS, ORGANIZATIONS AND PRIVATE ENTERPRISES","","","","","12/28/2001"
"MSO 421","AGILE","AGILE (MSO 421)","(ex - AM 421)","MINESWEEPER,OCEAN","MSO 421","07951","Disposed of, by Navy Sale","","11/01/1979","","","","","","","","","","","","","","","09/01/1977","","","","","","","","","","","","","","","","SCHOOLS, ORGANIZATIONS AND PRIVATE ENTERPRISES","","","","","12/10/2001"
"YTB 804","AHOSKIE","AHOSKIE (YTB 804)","","LARGE HARBOR TUG (S-P)","YTB 760","12621","Disposed of by transfer to other Government Agencies, States. Schools, Sea Scouts, etc.","","03/07/1996","","","","","Peterson Builders Inc.","03/04/1969","","06/23/1969","","01/14/1970","","07/07/1970","","","10/10/1995","109 ft","101 ft","31 ft","31 ft","14 ft","12 ft","282 tons","341 tons","59 tons","Steel hull, steel superstructure.","1","","Diesel Engines","","12","SCHOOLS, ORGANIZATIONS AND PRIVATE ENTERPRISES","","","","","10/09/1999"
"FFT 1090","AINSWORTH","AINSWORTH (FFT 1090)","(ex - DE 1090, FF 1090)","FRIGATE (RESERVE TRAINING)","FFT 1078","20068","Disposed of through the Security Assistance Program (SAP), transferred, cash sale, ex-US fleet hull foreign military sale case number assigned","","05/15/1999","","","","","Avondale Marine Ways Inc., Westwego, LA","08/25/1966","03/31/1973","06/11/1971","","04/15/1972","05/27/1994","02/01/1973","","","01/11/1995","438 ft","415 ft","47 ft","47 ft","25 ft","17 ft","3200 tons","4180 tons","980 tons","Steel hull, aluminum superstructure.","1","","Steam Turbines","22","276","TURKEY","","","","","02/28/2002"
"AR 6","AJAX","AJAX (AR 6)","","REPAIR SHIP","AR 5","08806","Disposed of, by Navy Sale","","05/23/1997","","","","","LA SB & DD CORP/SAN PEDRO","","10/30/1943","","","08/22/1942","","","","","05/16/1989","","","","","","","","","","","","","Steam Turbine","","","","","","","DISMANTLED AT INTERNATIONAL SHIPBREAKING LIMITED, BROWNSVILLE, TX. DATE UNKNOWN.","01/16/2007"
"BB 8","ALABAMA","ALABAMA (BB 8)","(ex - BATTLESHIP #8)","BATTLESHIP","BB 7","","Disposed of, sold for scrapping","","03/19/1924","","","","","Cramp, Wm. & Sons Ship & Engine Co.","09/24/1896","10/16/1900","12/01/1896","","05/18/1898","05/07/1920","10/22/1900","","","09/15/1921","374 ft","368 ft","72 ft","","25 ft","","11552 tons","12150 tons","598 tons","Steel hull, steel superstructure.","2","","Vertical Triple Expansion (VTE) Reciprocating Engines","52","765","","","","","TRANSFERRED ON 9/15/1921 TO THE WAR DEPARTMENT FOR USE AS A TARGET. SHE SUNK ON 9/27/1921 BY THE ARMY AIR CORPS AREIAL BOMBING TESTS IN CHESAPEAKE BAY. SHE WAS RAISED AND THE HULK WAS SOLD FOR SCRAP ON 3/19/1924 TO UNION SHIPBUILDING CO., BALTIMORE, MD.","07/26/2002"
"BB 60","ALABAMA","ALABAMA (BB 60)","","BATTLESHIP","BB 57","03060","Donated as a Museum and Memorial","","06/11/1964","","","","","Naval Shipyard Norfolk","04/01/1939","08/16/1942","02/01/1940","","02/16/1942","01/09/1947","11/10/1942","","","06/01/1962","680 ft","666 ft","108 ft","","36 ft","","35000 tons","44374 tons","9374 tons","Steel hull, steel superstructure.","4","","Steam Turbines","127","2205","","","","","ALABAMA IS LOCATED AT THE USS ALABAMA BATTLESHIP COMMISSION, BATTLESHIP MEMORIAL PARK, 2703 BATTLESHIP PARKWAY, MOBILE, AL. SHE IS LISTED ON THE NATIONAL REGISTER OF HISTORIC PLACES, REF. NO. 86000083 AND DESIGNATED A NATIONAL HISTORIC LANDMARK ON 1/14/1986.","07/19/2002"
"SSBN 731","ALABAMA","USS ALABAMA (SSBN 731)","","BALLISTIC MISSILE SUBMARINE (NUCLEAR-POWERED)","SSBN 726","21041","Active, in commission","U.S. PACIFIC FLEET","05/25/1985","BANGOR, WA","","","Battle Force","General Dynamics Electric Boat","02/27/1978","05/25/1985","08/27/1981","","05/19/1984","","04/23/1985","","","","560 ft","","42 ft","","38 ft","","15278 tons","16815 tons","1537 tons","Steel hull, steel superstructure.","1","","Steam Turbine (Nuclear)","13","140","US NAVY","General Dynamics Electric Boat","General Dynamics Electric Boat","PMS 392","","12/05/2019"
"AG 520","ALACRITY","ALACRITY (AG 520)","(ex - MSO 520)","AUXILIARY, GENERAL","AG 520","08161","Disposed of, by Navy Sale","","07/01/1978","","","","","","","","","","","","","","","09/30/1977","","","","","","","","","","","","","","","","SCHOOLS, ORGANIZATIONS AND PRIVATE ENTERPRISES","","","","","09/20/2022"
"LSD 33","ALAMO","ALAMO (LSD 33)","","DOCK LANDING SHIP","LSD 28","03133","Disposed of through the Security Assistance Program (SAP), transferred, Foreign Assistance Act (FAA) Section 516, Southern Region Amendment","","01/24/2001","","","","","Ingalls Shipbuilding Corp.","03/18/1954","08/24/1956","10/11/1954","","01/20/1956","09/28/1990","08/24/1956","","","01/24/2001","510 ft","500 ft","84 ft","84 ft","19 ft","19 ft","7193 tons","11572 tons","4379 tons","Steel hull, steel superstructure.","2","","Steam Turbines","63","686","BRAZIL","","","","","08/02/2001"
"ARDM 2","ALAMOGORDO","ALAMOGORDO (ARDM 2)","(ex - ARD 26)","MEDIUM AUXILIARY REPAIR DRY DOCK (N-S-P)","ARDM 1","05376","Disposed of through the Security Assistance Program (SAP), transferred, grant aid, ex-US fleet hull","","12/18/2000","","","","","","","","","","","","06/01/1944","","","11/23/1993","536 ft","","","","","","5200 tons","","","Steel hull, steel superstructure.","","","","","","ECUADOR","","","","","09/29/2015"
"T-AKE 3","ALAN SHEPARD","USNS ALAN SHEPARD (T-AKE 3)","","DRY CARGO AND AMMUNITION SHIP","AKE 1","23193","Military Sealift Command (MSC) Naval Fleet Auxiliary Force","U.S. PACIFIC FLEET","06/26/2007","","","","Support Force","General Dynamics, National Steel & Shipbuilding Corp.","07/16/2002","","01/30/2006","","12/06/2006","","06/26/2007","06/26/2007","","","689 ft","654 ft","106 ft","106 ft","32 ft","32 ft","25212 tons","44069 tons","18857 tons","Steel hull, steel superstructure.","1","","Diesel Engine","41","82","MILITARY SEALIFT COMMAND","Military Sealift Command","","PMS 325","","03/06/2020"
"SSBN 732","ALASKA","USS ALASKA (SSBN 732)","","BALLISTIC MISSILE SUBMARINE (NUCLEAR-POWERED)","SSBN 726","21042","Active, in commission","U.S. ATLANTIC FLEET","01/25/1986","KINGS BAY, GA","","","Battle Force","General Dynamics Electric Boat","02/27/1978","01/25/1986","03/09/1983","","01/12/1985","","11/26/1985","","","","560 ft","","42 ft","","38 ft","","15219 tons","16756 tons","1537 tons","Steel hull, steel superstructure.","1","","Steam Turbine (Nuclear)","13","140","US NAVY","General Dynamics Electric Boat","General Dynamics Electric Boat","PMS 392","","12/05/2019"
"AOG 81","ALATNA","ALATNA (AOG 81)","(ex - MA 44)","GASOLINE TANKER","AOG 81","04781","Disposed of by Navy title transfer to the Maritime Administration","","10/01/1995","","","","","Bethlehem Steel Co., Shipbuilding Div.","08/16/1955","","03/16/1956","","09/16/1956","","07/17/1957","","","","302 ft","290 ft","61 ft","61 ft","23 ft","23 ft","2367 tons","7300 tons","4933 tons","Steel hull, steel superstructure.","2","","High Speed Diesel Electric","11","40","","","","","DEC 06 ALATNA WAS SOLD BY MARAD TO TEROAKA CO. OF JAPAN.","01/16/2007"
"AGSS 569","ALBACORE","ALBACORE (AGSS 569)","","AUXILIARY RESEARCH SUBMARINE","AGSS 569","05580","Donated as a Museum and Memorial","","05/03/1985","","","","","Naval Shipyard Portsmouth","11/24/1950","12/06/1953","03/15/1952","","08/01/1953","12/09/1972","03/15/1954","","","05/01/1980","204 ft","200 ft","27 ft","","22 ft","","1240 tons","1540 tons","300 tons","Steel hull, steel superstructure.","1","","Diesel","5","49","SCHOOLS, ORGANIZATIONS AND PRIVATE ENTERPRISES","","","","ALBACORE IS LOCATED AT THE PORT OF PORTSMOUTH MARITIME MUSEUM & ALBACORE PARK, 600 MARKET STREET, PORTSMOUTH, NH. SHE IS LISTED ON THE NATIONAL REGISTER OF HISTORIC PLACES, REF. NO. 89001077 AND DESIGNATED A NATIONAL HISTORIC LANDMARK ON 4/11/1989.","06/11/2002"
"CG 10","ALBANY","ALBANY (CG 10)","(ex - CA 123)","GUIDED MISSILE CRUISER","CG 10","03623","Disposed of, by Navy Sale","","08/12/1990","","","","","BETHLEHEM STL/QUINCY","08/07/1942","06/15/1946","03/06/1944","","06/30/1945","08/29/1980","06/14/1946","","","06/30/1985","674 ft","664 ft","71 ft","69 ft","27 ft","","13260 tons","17750 tons","4490 tons","Steel hull, steel superstructure.","4","","Steam Turbine","105","1402","SCHOOLS, ORGANIZATIONS AND PRIVATE ENTERPRISES","","","","","05/29/2007"
"SSN 753","ALBANY","USS ALBANY (SSN 753)","","SUBMARINE (NUCLEAR-POWERED)","SSN 688","21462","Active, in commission","U.S. ATLANTIC FLEET","04/07/1990","NORFOLK, VA","","","Battle Force","Newport News Shipbuilding","11/29/1983","04/07/1990","04/22/1985","","06/13/1987","","03/23/1990","","","","362 ft","","33 ft","","31 ft","","5746 tons","6148 tons","402 tons","Steel hull, steel superstructure.","1","","Steam Turbine (Nuclear)","12","98","US NAVY","Huntington Ingalls Industries - Newport News Shipbuilding","General Dynamics Electric Boat","PMS 392","","05/30/2018"
"FF 1050","ALBERT DAVID","ALBERT DAVID (FF 1050)","(ex - DE 1050)","FRIGATE","FF 1040","54045","Disposed of through the Security Assistance Program (SAP), transferred, Foreign Assistance Act (FAA) Section 516, Southern Region Amendment","","01/24/2001","","","","","Lockheed Shipbuilding & Construction Co.","03/20/1963","10/01/1968","04/29/1964","","12/19/1964","09/18/1989","10/11/1968","","","01/24/2001","415 ft","390 ft","44 ft","44 ft","24 ft","17 ft","2624 tons","3403 tons","779 tons","Steel hull, aluminum superstructure.","1","","Steam Turbines","16","231","BRAZIL","","","","","08/02/2001"
"ARC 6","ALBERT J MYER","ALBERT J MYER (ARC 6)","(ex - MC 2558)","CABLE REPAIRING SHIP","ARC 6","01056","Disposed of by Navy title transfer to the Maritime Administration","","04/01/1998","","","","","PUSEY & JONES CORP","","05/13/1963","","","","","","","","11/07/1994","","","","","","","","","","","","","Diesel Electric","","","","","","","DISMANTLED AT INTERNATIONAL SHIPBREAKING LIMITED, BROWNSVILLE, TX. DATE UNKNOWN.","02/16/2011"
"SSN 706","ALBUQUERQUE","ALBUQUERQUE (SSN 706)","","SUBMARINE (NUCLEAR-POWERED)","SSN 688","21001","Stricken, Final Disposition Pending","","02/23/2017","","Z","Puget Sound Naval Shipyard & Intermediate Maintenance Facility (PSNS & IMF)","","General Dynamics Electric Boat","10/31/1973","05/21/1983","12/27/1979","02/03/2016","03/13/1982","02/23/2017","04/14/1983","","","02/23/2017","362 ft","","33 ft","","32 ft","","5758 tons","6120 tons","362 tons","Steel hull, steel superstructure.","1","","Steam Turbine (Nuclear)","12","98","US NAVY","","","","","12/05/2019"
"AF 10","ALDEBARAN","ALDEBARAN (AF 10)","(ex - MC 27)","STORE SHIP","AF 10","08565","Disposed of by MARAD sale","","11/14/1974","","","","","","06/07/1938","","11/28/1938","","06/21/1939","","12/04/1939","","","06/01/1973","","","","","","","","","","","","","","","","MARITIME ADMINISTRATION (NATIONAL DEFENSE RESERVE FLEET)","","","","","12/10/2001"
"SSBN 617","ALEXANDER HAMILTON","ALEXANDER HAMILTON (SSBN 617)","","BALLISTIC MISSILE SUBMARINE (NUCLEAR-POWERED)","SSBN 616","05124","Disposed of by submarine recycling","","02/28/1994","","","","","General Dynamics Electric Boat","07/22/1960","06/27/1963","06/26/1961","","08/18/1962","02/23/1993","03/29/1963","","","02/23/1993","","","","","","","","","","","","","Steam Turbine (Nuclear)","","","PUGET SOUND NAVAL SHIPYARD, BREMERTON, WA (NAVSHIPYD)","","","","","12/05/2019"
"SSN 757","ALEXANDRIA","USS ALEXANDRIA (SSN 757)","","SUBMARINE (NUCLEAR-POWERED)","SSN 688","21465","Active, in commission","U.S. PACIFIC FLEET","06/29/1991","SAN DIEGO, CA","","","Battle Force","General Dynamics Electric Boat","11/26/1984","06/29/1991","06/19/1987","","06/23/1990","","06/13/1991","","","","362 ft","","33 ft","","31 ft","","6000 tons","6927 tons","927 tons","Steel hull, steel superstructure.","1","","Steam Turbine (Nuclear)","12","98","US NAVY","Huntington Ingalls Industries - Newport News Shipbuilding","General Dynamics Electric Boat","PMS 392","","12/05/2019"
"DD 752","ALFRED A CUNNINGHAM","ALFRED A CUNNINGHAM (DD 752)","","DESTROYER","DD 692","03852","Disposed of in support of Fleet training exercise","","10/01/1979","","","","","","","","","","","","","","","02/01/1974","","","","","","","","","","","","","","","","US NAVY","","","","","02/16/2011"
"AKR 287","ALGOL","ALGOL (AKR 287)","(ex - SEA-LAND EXCHANGE, AK 287)","VEHICLE CARGO SHIP","AKR 287","21591","Disposed of through Inter or Intra Agency Transfer","","10/01/2008","","","","","Droog-dok, Maalschappy","","","11/01/1971","","09/01/1972","","05/01/1973","","","10/01/2008","947 ft","893 ft","106 ft","106 ft","37 ft","32 ft","29692 tons","61987 tons","32295 tons","Steel hull, steel superstructure.","2","","Steam Turbines","","","","","","","ON 01 OCT 2007 CUSTODY WAS TRANSFERRED TO MARAD. FULL TITLE WAS TRANSFERRED 01 OCT 2008.","10/04/2019"
"LKA 54","ALGOL","ALGOL (LKA 54)","(ex - MC 1153, JAMES BAINES (AKA 54))","AMPHIBIOUS CARGO SHIP","LKA 54","01254","Disposed of by Navy title transfer to the Maritime Administration","","10/26/1989","","","","","","06/11/1942","07/21/1944","12/10/1942","","02/17/1943","","11/27/1943","","","01/01/1977","","","","","","","","","","","","","Steam Turbine","","","MARITIME ADMINISTRATION (NATIONAL DEFENSE RESERVE FLEET)","","","","","12/10/2001"
"AO 97","ALLAGASH","ALLAGASH (AO 97)","(ex - MC 2559)","FLEET REPLENISHMENT OILER","AO 22","04847","Disposed of by MARAD sale","","03/16/1976","","","","","","","","","","","","","","","06/01/1973","","","","","","","","","","","","","","","","MARITIME ADMINISTRATION (NATIONAL DEFENSE RESERVE FLEET)","","","","","08/16/2016"
"YTM 174","ALLAQUIPPA","ALLAQUIPPA (YTM 174)","(ex - YTB 174)","MEDIUM HARBOR TUG (S-P)","YTM 174","13174","Disposed of, by Navy Sale","","05/01/1974","","","","","","","","","","","","","","","","","","","","","","","","","","","","","","","SCHOOLS, ORGANIZATIONS AND PRIVATE ENTERPRISES","","","","","08/31/2001"
"DD 692","ALLEN M SUMNER","ALLEN M SUMNER (DD 692)","","DESTROYER","DD 692","04292","Disposed of, by Navy Sale","","10/01/1974","","","","","","","","","","","","","","","08/15/1973","","","","","","","","","","","","","","","","SCHOOLS, ORGANIZATIONS AND PRIVATE ENTERPRISES","","","","","02/16/2011"
"AKR 291","ALTAIR","ALTAIR (AKR 291)","(ex - SEA-LAND FINANCE, AK 291)","VEHICLE CARGO SHIP","AKR 287","21592","Disposed of through Inter or Intra Agency Transfer","","10/01/2008","","","","","Nord Seebrke GMBLT","","","","","04/01/1973","","08/01/1973","","","10/01/2008","947 ft","893 ft","106 ft","106 ft","37 ft","32 ft","29692 tons","61987 tons","32295 tons","Steel hull, steel superstructure.","2","","Steam Turbines","","","","","","","ON 01 OCT 2007 CUSTODY WAS TRANSFERRED TO MARAD. FULL TITLE WAS TRANSFERRED 01 OCT 2008.","10/04/2019"
"AKS 32","ALTAIR","ALTAIR (AKS 32)","(ex - AK 257)","STORES ISSUE SHIP","AKS 32","01907","Disposed of by MARAD sale","","11/01/1974","","","","","","","","","","","","","","","06/01/1973","","","","","","","","","","","","","","","","MARITIME ADMINISTRATION (NATIONAL DEFENSE RESERVE FLEET)","","","","","01/02/2002"
"AF 55","ALUDRA","ALUDRA (AF 55)","(ex - MC 1202)","STORE SHIP","AF 55","01594","Disposed of by MARAD sale","","11/01/1978","","","","","","06/11/1942","","08/23/1944","","10/14/1944","","03/23/1945","","","06/01/1976","","","","","","","","","","","","","","","","MARITIME ADMINISTRATION (NATIONAL DEFENSE RESERVE FLEET)","","","","","12/10/2001"
"SS 522","AMBERJACK","AMBERJACK (SS 522)","","SUBMARINE","SS 484","73122","Disposed of through the Security Assistance Program (SAP), transferred, cash sale, ex-US fleet hull foreign military sale case number assigned","","10/01/1973","","","","","","","","","","","","","","","10/17/1973","","","","","","","","","","","","","","","","BRAZIL","","","","","12/31/2001"
"T-AKE 6","AMELIA EARHART","USNS AMELIA EARHART (T-AKE 6)","","DRY CARGO AND AMMUNITION SHIP","AKE 1","23196","Military Sealift Command (MSC) Naval Fleet Auxiliary Force","U.S. PACIFIC FLEET","10/30/2008","","","","Support Force","General Dynamics, National Steel & Shipbuilding Corp.","01/27/2004","","05/29/2007","","04/06/2008","","10/30/2008","10/30/2008","","","689 ft","654 ft","106 ft","106 ft","32 ft","32 ft","25085 tons","44069 tons","18984 tons","Steel hull, steel superstructure.","1","","Diesel Engine","41","82","MILITARY SEALIFT COMMAND","Military Sealift Command","","PMS 325","","03/06/2020"
"CV 66","AMERICA","AMERICA (CV 66)","(ex - CVA 66)","MULTI-PURPOSE AIRCRAFT CARRIER","CV 63","03366","Disposed of in support of Fleet training exercise","","05/14/2005","","","","","Newport News Shipbuilding","11/25/1960","01/23/1965","01/09/1961","","02/01/1964","08/09/1996","01/13/1965","","","08/09/1996","1048 ft","990 ft","248 ft","129 ft","38 ft","37 ft","61174 tons","83573 tons","22399 tons","Steel hull, steel superstructure.","4","","Steam Turbines","502","4684","US NAVY","","","","","05/19/2005"
"LHA 6","AMERICA","USS AMERICA (LHA 6)","","AMPHIBIOUS ASSAULT SHIP (GENERAL PURPOSE)","LHA 6","20103","Active, in commission","U.S. PACIFIC FLEET","10/11/2014","SASEBO, JAPAN","","","Battle Force","Northrop Grumman Ship Systems Ingalls Operations","06/01/2007","10/11/2014","04/27/2009","","06/04/2012","","04/10/2014","","","","844 ft","","106 ft","106 ft","29 ft","29 ft","30591 tons","44971 tons","14380 tons","Steel hull, aluminum superstructure.","2","","Hybrid Gas Turbine-Electric","102","1102","US NAVY","Huntington Ingalls Industries - Ingalls Shipbuilding","","","","10/14/2021"
"AK 2062","AMERICAN CORMORANT","AMERICAN CORMORANT (AK 2062)","(ex - FERN CARRIER)","CARGO SHIP","AK 2062","46402","Disposed of by return to owner","","09/30/2002","","","","","","","","","","","","","","","","738 ft","","135 ft","","34 ft","","17942 tons","70692 tons","52750 tons","","1","","Diesel","","","","","","","","07/24/2006"
"AOT 165","AMERICAN EXPLORER","AMERICAN EXPLORER (AOT 165)","(ex - MA 53, AO 165)","TRANSPORT OILER","AOT 165","04998","Disposed of by Navy title transfer to the Maritime Administration","","10/01/1994","","","","","Ingalls Shipbuilding Corp.","07/01/1956","","07/01/1957","","04/01/1958","","10/01/1959","","","","615 ft","600 ft","80 ft","80 ft","35 ft","35 ft","8402 tons","32628 tons","24226 tons","Steel hull, steel superstructure.","1","","Steam Turbines","16","37","","","","","SHIP DEPARTED MARAD ON 13 AUG 08 TO SOUTHERN SCRAP MATERIAL CO.","03/20/2009"
"AK 4729","AMERICAN TERN","AMERICAN TERN (AK 4729)","(ex - LYKES FLYER)","CARGO SHIP","AK 4729","","Special, chartered by MSC, listed here as part of the U.S. Navy Ship Forces.","","01/15/2008","","","","Strategic Sealift Force","","","","08/07/1989","","","","12/01/1990","","","","521 ft","","76 ft","","33 ft","","","8650 tons","","","","","","","","","","","","","04/28/2010"
"APD 46","AMESBURY","AMESBURY (APD 46)","(ex - DE 66)","HIGH SPEED TRANSPORT","APD 37","02766","Disposed of by Dismantling (Scrapping/Recycling)","","10/24/1962","","","","","BETHLEHEM STEEL CORP., HINGHAM SHIPYARD","02/10/1943","08/31/1943","03/08/1943","","06/05/1943","07/03/1946","08/31/1944","","","06/01/1960","306 ft","300 ft","37 ft","36 ft","9 ft","","","","","Steel hull, steel superstructure.","2","","","","","","","","","","12/12/2017"
"FF 168","AMICK","AMICK (FF 168)","(ex - DE 168)","FRIGATE","FF 99","02868","Disposed of through the Security Assistance Program (SAP), transferred, cash sale, ex-US fleet hull foreign military sale case number assigned","","09/01/1976","","","","","","","","","","","","","","","06/15/1975","","","","","","","","","","","","","","","","PHILIPPINES","","","","","12/28/2001"
"ADG 11","AMPERE","AMPERE (ADG 11)","(ex - DRAKE (AM 359), YDG 11)","DEGAUSSING SHIP","ADG 8","07859","Stricken, to be disposed of by Navy sale","","08/01/1961","","","","","Willamette Iron & Steel Corp.","08/12/1943","","11/24/1943","","08/12/1944","","08/15/1945","","","07/01/1961","185 ft","180 ft","34 ft","33 ft","10 ft","","700 tons","950 tons","250 tons","Steel hull, steel superstructure.","2","","Diesel","9","56","","","","","","09/29/2015"
"AR 13","AMPHION","AMPHION (AR 13)","","REPAIR SHIP","AR 13","08813","Disposed of through the Security Assistance Program (SAP), transferred, cash sale, ex-US fleet hull foreign military sale case number assigned","","03/01/1977","","","","","","","","","","","","","","","","","","","","","","","","","","","","","","","IRAN","","","","","02/01/1999"
"YTM 409","ANAMOSA","ANAMOSA (YTM 409)","(ex - YTB 409)","MEDIUM HARBOR TUG (S-P)","YTM 364","13409","Disposed of, by Navy Sale","","07/01/1979","","","","","","","","","","","","","","","","","","","","","","","","","","","","","","","SCHOOLS, ORGANIZATIONS AND PRIVATE ENTERPRISES","","","","","08/30/2001"
"LPD 23","ANCHORAGE","USS ANCHORAGE (LPD 23)","","AMPHIBIOUS TRANSPORT DOCK","LPD 17","3015A","Active, in commission","U.S. PACIFIC FLEET","05/04/2013","SAN DIEGO, CA","","","Battle Force","Northrop Grumman Ship Systems Avondale Operations","06/01/2006","05/04/2013","09/24/2007","","02/12/2011","","09/17/2012","","","","684 ft","656 ft","105 ft","105 ft","","24 ft","19100 tons","25750 tons","6650 tons","Steel hull, steel superstructure.","2","","Diesel Engines","38","364","US NAVY","Huntington Ingalls Industries - Ingalls Shipbuilding","","PMS 407","","10/15/2021"
"LSD 36","ANCHORAGE","ANCHORAGE (LSD 36)","","DOCK LANDING SHIP","LSD 36","07203","Disposed of by abandoning, burning, scuttling, or sinking","","07/18/2010","","","NAVSEA Inactive Ships On-site Maintenance Office, Pearl Harbor, HI","","Ingalls Shipbuilding Corp.","06/29/1965","03/15/1969","03/13/1967","","05/05/1968","10/01/2003","02/20/1969","","","03/08/2004","553 ft","540 ft","84 ft","84 ft","19 ft","20 ft","8325 tons","14095 tons","5770 tons","Steel hull, steel superstructure.","2","","Steam Turbines","53","771","","","","","","10/15/2010"
"AO 190","ANDREW J HIGGINS","ANDREW J HIGGINS (AO 190)","","FLEET REPLENISHMENT OILER","AO 187","21469","Disposed of through Inter or Intra Agency Transfer","","05/19/2009","","","","","Avondale Industries","11/22/1983","","11/21/1985","05/06/1996","01/17/1987","","10/22/1987","","","01/06/2009","677 ft","650 ft","97 ft","97 ft","35 ft","35 ft","9500 tons","40700 tons","31200 tons","Steel hull, steel superstructure.","2","","Diesel Engines","","","CHILE","","","","ANDREW J. HIGGINS (AO 190) was re-commissioned Feb. 10, 2010 in Mobile, Ala., as the Chilean supply ship ALMIRANTE MONTT (AO 52).","12/12/2017"
"SSBN 619","ANDREW JACKSON","ANDREW JACKSON (SSBN 619)","","BALLISTIC MISSILE SUBMARINE (NUCLEAR-POWERED)","SSBN 616","05061","Disposed of by submarine recycling","","08/30/1999","","","","","Naval Shipyard Mare Island","07/23/1960","07/03/1963","04/26/1961","","09/15/1962","08/31/1989","07/03/1963","","","08/31/1989","","","","","","","","","","","","","Steam Turbine (Nuclear)","","","PUGET SOUND NAVAL SHIPYARD, BREMERTON, WA (NAVSHIPYD)","","","","","09/14/1999"
"IXSS 240","ANGLER","ANGLER (IXSS 240)","(ex - AGSS 240)","UNCLASSIFIED MISCELLANEOUS SUBMARINE","","05240","Disposed of, by Navy Sale","","03/01/1974","","","","","","","","","","","","","","","12/15/1971","","","","","","","","","","","","","","","","SCHOOLS, ORGANIZATIONS AND PRIVATE ENTERPRISES","","","","","01/02/2002"
"YTM 767","ANKACHAK","ANKACHAK (YTM 767)","(ex - YTB 501)","MEDIUM HARBOR TUG (S-P)","YTM 764","27010","Disposed of through the Security Assistance Program (SAP), transferred, cash sale, ex-US fleet hull foreign military sale case number assigned","","12/01/1978","","","","","","","","","","","","","","","","","","","","","","","","","","","","","","","GREECE","","","","","08/30/2001"
"AGMR 1","ANNAPOLIS","ANNAPOLIS (AGMR 1)","(ex - AKV 39)","MAJOR COMMUNICATIONS RELAY SHIP","AGMR 1","07334","Disposed of, by Navy Sale","","11/01/1979","","","","","","","","","","","","","","","10/15/1976","","","","","","","","","","","","","","","","SCHOOLS, ORGANIZATIONS AND PRIVATE ENTERPRISES","","","","","12/28/2001"
"SSN 760","ANNAPOLIS","USS ANNAPOLIS (SSN 760)","","SUBMARINE (NUCLEAR-POWERED)","SSN 688","21690","Active, in commission","U.S. PACIFIC FLEET","04/11/1992","AGANA, GUAM","","","Battle Force","General Dynamics Electric Boat","03/21/1986","04/11/1992","06/15/1988","","05/18/1991","","04/07/1992","","","","362 ft","","33 ft","","31 ft","","6000 tons","6927 tons","927 tons","Steel hull, steel superstructure.","1","","Steam Turbine (Nuclear)","12","98","US NAVY","Huntington Ingalls Industries - Newport News Shipbuilding","General Dynamics Electric Boat","PMS 392","","03/15/2022"
"YTB 810","ANOKA","ANOKA (YTB 810)","","LARGE HARBOR TUG (S-P)","YTB 760","12642","Disposed of, sold by Defense Reutilization and Marketing Service (DRMS) by Exchange/Sale for reuse/conversion","","11/20/2001","","","","","Peterson Builders Inc.","06/22/1970","","10/05/1970","","04/15/1971","","08/31/1971","","","03/13/2001","109 ft","101 ft","29 ft","31 ft","14 ft","12 ft","282 tons","344 tons","62 tons","Steel hull, steel superstructure.","1","","Diesel Engine","","12","SCHOOLS, ORGANIZATIONS AND PRIVATE ENTERPRISES","","","","","01/25/2002"
"AKR 294","ANTARES","ANTARES (AKR 294)","(ex - SEA-LAND GALLOWAY, AK 294)","VEHICLE CARGO SHIP","AKR 287","21593","Disposed of through Inter or Intra Agency Transfer","","10/01/2008","","","","","A. G. Wesser","08/01/1969","","","","05/01/1972","","09/01/1972","","","10/01/2008","947 ft","893 ft","106 ft","106 ft","37 ft","32 ft","29692 tons","61987 tons","32295 tons","Steel hull, steel superstructure.","2","","Steam Turbines","","","","","","","ON 01 OCT 2007 CUSTODY WAS TRANSFERRED TO MARAD. FULL TITLE WAS TRANSFERRED 01 OCT 2008.","10/04/2019"
"PG 86","ANTELOPE","ANTELOPE (PG 86)","(ex - PGM 86)","PATROL COMBATANT","PG 84","12585","Disposed of by transfer to other Government Agencies, States. Schools, Sea Scouts, etc.","","12/01/1977","","","","","","","11/04/1967","","","06/18/1966","","","","","10/01/1977","","","","","","","","","","","2","","","","","SCHOOLS, ORGANIZATIONS AND PRIVATE ENTERPRISES","","","","","12/10/2001"
"DD 515","ANTHONY","ANTHONY (DD 515)","","DESTROYER","DD 448","04515","Disposed of through the Security Assistance Program (SAP), transferred, cash sale, ex-US fleet hull foreign military sale case number assigned","","06/01/1972","","","","","","","","","","","","","","","04/15/1972","","","","","","","","","","","","","","","","GERMANY","","","","","01/02/2002"
"CG 54","ANTIETAM","USS ANTIETAM (CG 54)","","GUIDED MISSILE CRUISER","CG 47","21387","Active, in commission","U.S. PACIFIC FLEET","06/06/1987","YOKOSUKA, JAPAN","","","Battle Force","Ingalls Shipbuilding Corp.","06/20/1983","06/06/1987","11/15/1984","","02/14/1986","","04/01/1987","","","","567 ft","529 ft","55 ft","55 ft","33 ft","23 ft","7132 tons","9992 tons","2860 tons","Steel hull, aluminum superstructure.","2","","Gas Turbines","37","339","US NAVY","Huntington Ingalls Industries - Ingalls Shipbuilding","","PMS 407","","08/02/2018"
"CVS 36","ANTIETAM","ANTIETAM (CVS 36)","(ex - CVA 36)","ASW SUPPORT AIRCRAFT CARRIER","CVS 13","03336","Disposed of, by Navy Sale","","12/01/1973","","","","","","","","","","","","","","","05/01/1973","","","","","","","","","","","","","","","","SCHOOLS, ORGANIZATIONS AND PRIVATE ENTERPRISES","","","","","01/02/2002"
"YTB 792","ANTIGO","ANTIGO (YTB 792)","","LARGE HARBOR TUG (S-P)","YTB 760","17667","Sold through the General Services Administration (GSA) for reuse","","05/17/2000","","","","","Marinette Marine Corp.","06/16/1966","","09/27/1966","","04/18/1967","","07/10/1967","","","06/25/1999","109 ft","107 ft","31 ft","29 ft","14 ft","13 ft","283 tons","356 tons","73 tons","Steel hull, steel superstructure.","1","","Diesel Engines","","12","SCHOOLS, ORGANIZATIONS AND PRIVATE ENTERPRISES","","","","","07/18/2000"
"FFG 20","ANTRIM","ANTRIM (FFG 20)","","GUIDED MISSILE FRIGATE","FFG 7","20973","Disposed of through the Security Assistance Program (SAP), transferred, Foreign Assistance Act (FAA) Section 516, Southern Region Amendment","","08/27/1997","","","","","Todd Shipyards Corp., Seattle Div","02/28/1977","09/26/1981","06/21/1978","","03/27/1979","05/08/1996","08/20/1981","","","09/04/1997","445 ft","408 ft","47 ft","47 ft","25 ft","16 ft","3031 tons","3911 tons","880 tons","Steel hull, aluminum superstructure.","1","","Gas Turbines","17","198","TURKEY","","","","","01/07/1999"
"CG 68","ANZIO","ANZIO (CG 68)","","GUIDED MISSILE CRUISER","CG 47","21658","Stricken, Final Disposition Pending","","09/30/2022","","X","NAVSEA Inactive Ships On-site Maintenance Office, Philadelphia, PA","","Ingalls Shipbuilding Corp.","04/16/1987","05/02/1992","08/21/1989","","11/02/1990","09/30/2022","02/10/1992","","","09/30/2022","567 ft","529 ft","55 ft","55 ft","33 ft","23 ft","7132 tons","9992 tons","2860 tons","Steel hull, aluminum superstructure.","2","","Gas Turbines","37","339","INACTSHIPMAINTO, PHILADELPHIA","","","","","10/11/2022"
"ATF 67","APACHE","APACHE (ATF 67)","(ex - AT 67)","FLEET OCEAN TUG","ATF 67","07067","Disposed of through the Security Assistance Program (SAP), transferred, cash sale, ex-US fleet hull foreign military sale case number assigned","","06/01/1974","","","","","","","","","","","","","","","03/30/1974","","","","","","","","","","","","","","","","TAIWAN","","","","","12/17/2001"
"ATF 172","APACHE","APACHE (ATF 172)","","FLEET OCEAN TUG","ATF 166","21091","Stricken, Final Disposition Pending","","09/30/2022","","X","","","Marinette Marine Corp.","02/27/1978","","03/22/1979","","03/28/1981","","07/23/1981","07/23/1981","09/30/2022","09/30/2022","226 ft","204 ft","42 ft","42 ft","15 ft","16 ft","1541 tons","2370 tons","829 tons","Steel hull, steel superstructure.","2","","Diesel Electric","7","10","MILITARY SEALIFT COMMAND","","","","","10/07/2022"
"EPF 13","APALACHICOLA","APALACHICOLA (EPF 13)","","EXPEDITIONARY FAST TRANSPORT","EPF 1","","Under construction","","08/19/2019","","","","","Austal USA","03/25/2019","","","","","","","","","","","","","","","","","","","","","","","","","","","","PMS 385","","11/16/2020"
"YTB 767","APALACHICOLA","APALACHICOLA (YTB 767)","","LARGE HARBOR TUG (S-P)","YTB 760","12573","Disposed of, sold by Defense Reutilization and Marketing Service (DRMS) for reuse/conversion","","05/08/2006","","","","","Mobile Ship Repair Inc.","01/18/1963","","05/01/1963","","10/26/1963","","06/09/1964","","","10/28/2002","109 ft","107 ft","31 ft","29 ft","14 ft","14 ft","283 tons","356 tons","73 tons","Steel hull, steel superstructure.","1","","Diesel Engine","","12","SCHOOLS, ORGANIZATIONS AND PRIVATE ENTERPRISES","","","","","09/29/2015"
"YTM 768","APOHOLA","APOHOLA (YTM 768)","(ex - YTB 502)","MEDIUM HARBOR TUG (S-P)","YTM 764","12702","Stricken, to be disposed of by GSA","","05/15/1986","","X","","","","","","04/20/1945","","","","","","","05/15/1986","101 ft","","","","","","260 tons","","","Steel hull, steel superstructure.","1","","","","","US NAVY","","","","","12/05/2001"
"AS 25","APOLLO","APOLLO (AS 25)","(ex - MC 860)","SUBMARINE TENDER","AS 23","04635","Disposed of by Navy title transfer to the Maritime Administration","","07/01/1963","","","","","Ingalls Shipbuilding Corp.","04/23/1942","12/31/1943","06/24/1943","","11/06/1943","02/12/1947","12/31/1943","","","07/01/1963","492 ft","465 ft","70 ft","70 ft","27 ft","","7730 tons","13520 tons","5790 tons","Steel hull, steel superstructure.","1","","Steam Turbine","92","1486","MARITIME ADMINISTRATION (NATIONAL DEFENSE RESERVE FLEET)","","","","","03/17/2000"
"YTB 778","APOPKA","APOPKA (YTB 778)","","LARGE HARBOR TUG (S-P)","YTB 760","12595","Stricken, to be disposed of by transfer to government agencies, activities, foreign countries (not SAP), MARAD, Sea Scouts, etc.","","06/26/1996","","X","","","Marinette Marine Corp.","01/31/1964","","10/15/1964","","07/08/1965","","09/30/1965","","","06/26/1996","109 ft","107 ft","31 ft","29 ft","14 ft","13 ft","283 tons","356 tons","73 tons","Steel hull, steel superstructure.","1","","Diesel Engines","","12","NAVAL STATION, GUANTANAMO BAY, CU (NAVSTA)","","","","","09/27/2017"
"YFB 14","AQUIDNECK","AQUIDNECK (YFB 14)","","FERRY BOAT OR LAUNCH (S-P)","YFB 14","12514","Disposed of by transfer to other Government Agencies, States. Schools, Sea Scouts, etc.","","11/01/1975","","","","","","","","","","","","","","","","","","","","","","","","","","","","","","","US DEPARTMENT OF THE INTERIOR","","","","","08/16/2016"
"PHM 4","AQUILA","AQUILA (PHM 4)","","PATROL COMBATANT MISSILE (HYDROFOIL)","PHM 1","20930","Disposed of, by Navy Sale","","08/19/1996","","","","","BOEING CO/SEATTLE","10/20/1977","06/26/1982","07/10/1979","","09/16/1981","07/30/1993","01/26/1982","","","07/30/1993","133 ft","118 ft","29 ft","25 ft","7 ft","3 ft","176 tons","246 tons","70 tons","All aluminum hull.","","","Geared Turbine","5","19","SCHOOLS, ORGANIZATIONS AND PRIVATE ENTERPRISES","","","","","03/15/1999"
"YTM 702","ARAWAK","ARAWAK (YTM 702)","(ex - YTB 702)","MEDIUM HARBOR TUG (S-P)","YTM 518","13702","Disposed of by transfer to other Government Agencies, States. Schools, Sea Scouts, etc.","","12/01/1985","","","","","","","","","","","","","","","","","","","","","","","","","","","","","","","SCHOOLS, ORGANIZATIONS AND PRIVATE ENTERPRISES","","","","","07/05/2000"
"AD 23","ARCADIA","ARCADIA (AD 23)","","DESTROYER TENDER","AD 23","04641","Disposed of, by Navy Sale","","08/01/1974","","","","","","11/09/1944","09/13/1945","03/06/1944","","11/19/1944","","09/21/1945","","","07/01/1973","","","","","","","","","","","","","","","","SCHOOLS, ORGANIZATIONS AND PRIVATE ENTERPRISES","","","","","05/01/2007"
"YTB 768","ARCATA","ARCATA (YTB 768)","","LARGE HARBOR TUG (S-P)","YTB 760","12574","Disposed of in support of Fleet training exercise","","10/02/2004","","","","","Mobile Ship Repair Inc.","01/18/1963","","05/15/1963","","11/30/1963","","06/09/1964","","","04/04/1995","106 ft","101 ft","","","","","283 tons","","","Steel hull, steel superstructure.","1","","Diesel Engines","","","","","","","","09/27/2017"
"SSN 678","ARCHERFISH","ARCHERFISH (SSN 678)","","SUBMARINE (NUCLEAR-POWERED)","SSN 637","20041","Disposed of by submarine recycling","","11/06/1998","","","","","General Dynamics Electric Boat","06/25/1968","12/17/1971","06/19/1969","","01/16/1971","03/31/1998","12/23/1971","","","03/31/1998","298 ft","","32 ft","","29 ft","","4206 tons","4505 tons","299 tons","Steel hull, steel superstructure.","1","","Steam Turbine (Nuclear)","14","98","","","","","","12/05/2019"
"ARD 29","ARCO","ARCO (ARD 29)","","AUXILIARY REPAIR DRY DOCK (N-S-P)","ARD 12","05379","Disposed of through the Security Assistance Program (SAP), transferred, cash sale, ex-US fleet hull foreign military sale case number assigned","","03/01/1977","","","","","","","","","","","","","","","09/15/1976","","","","","","","","","","Steel hull, steel superstructure.","","","","","","IRAN","","","","","09/13/2000"
"ARDM 5","ARCO","ARCO (ARDM 5)","","MEDIUM AUXILIARY REPAIR DRY DOCK (N-S-P)","ARDM 5","20036","Active, in service","","06/23/1986","","","","","Todd Shipyards Corp., Seattle Div","10/13/1982","","07/25/1983","","12/14/1984","","02/27/1986","","","","492 ft","432 ft","98 ft","98 ft","","","5400 tons","","","Steel hull, steel superstructure.","","","","5","125","SUBMARINE SQUADRON ELEVEN, SAN DIEGO, CA (COMSUBRON 11)","Norfolk Naval Shipyard","","PMS 392","","06/27/2018"
"T-AOE 8","ARCTIC","USNS ARCTIC (T-AOE 8)","","FAST COMBAT SUPPORT SHIP","AOE 6","21907","Military Sealift Command (MSC) Naval Fleet Auxiliary Force","","06/14/2002","","","","Support Force","General Dynamics, National Steel & Shipbuilding Corp.","12/06/1989","09/11/1995","12/02/1991","","10/30/1993","06/14/2002","05/11/1995","06/14/2002","","","754 ft","730 ft","107 ft","107 ft","38 ft","41 ft","20795 tons","48603 tons","27808 tons","Steel hull, steel superstructure.","2","","Gas Turbines","51","125","MILITARY SEALIFT COMMAND","Military Sealift Command","","MSC","AOE 8 WAS DECOMMISSIONED ON 6/14/2002 AND WAS PLACED IN SERVICE BY MILITARY SEALIFT COMMAND ON 6/14/2002.","09/23/2022"
"AF 52","ARCTURUS","ARCTURUS (AF 52)","(ex - MC 184)","STORE SHIP","AF 50","01591","Disposed of in support of Fleet training exercise","","07/24/1997","","","","","Moore Dry Dock Co., Inc.","02/24/1941","11/18/1961","12/08/1941","","03/15/1942","03/16/1973","04/23/1943","","","12/09/1985","459 ft","435 ft","63 ft","63 ft","26 ft","26 ft","7838 tons","13860 tons","6022 tons","Steel hull, steel superstructure.","1","","Steam Turbines","18","46","US NAVY","","","","","07/03/2000"
"MCM 12","ARDENT","ARDENT (MCM 12)","","MINE COUNTERMEASURES SHIP","MCM 1","21900","Stricken, Final Disposition Pending","","08/27/2020","","X","San Diego, CA","","Peterson Builders Inc.","12/12/1989","02/18/1994","10/22/1990","","11/26/1991","08/27/2020","08/20/1993","","","08/27/2020","224 ft","206 ft","39 ft","39 ft","12 ft","12 ft","1267 tons","1372 tons","105 tons","Wood with GRP Sheathing","2","","Diesel Engines","8","76","INACTSHIP SAN DIEGO CA","","","PMS 407","","01/05/2021"
"PHM 5","ARIES","ARIES (PHM 5)","","PATROL COMBATANT MISSILE (HYDROFOIL)","PHM 1","20931","Disposed of, by Navy Sale","","08/19/1996","","","","","BOEING CO/SEATTLE","10/20/1977","09/18/1982","01/07/1980","","11/05/1981","07/30/1993","05/10/1982","","","07/30/1993","133 ft","118 ft","29 ft","25 ft","7 ft","3 ft","176 tons","247 tons","71 tons","All aluminum hull.","","","Geared Turbine","5","19","SCHOOLS, ORGANIZATIONS AND PRIVATE ENTERPRISES","","","","","03/15/1999"
"ATF 98","ARIKARA","ARIKARA (ATF 98)","(ex - AT 98)","FLEET OCEAN TUG","ATF 96","07098","Disposed of through the Security Assistance Program (SAP), transferred, Foreign Assistance Act (FAA) Section 519, Southern Region Amendment","","09/30/1992","","","","","CHARLESTON SB & DD CO","","01/05/1944","","","06/22/1943","","","","","06/25/1992","","","","","","","","","","","","","Diesel Electric","","","CHILE","","","","","07/02/2002"
"BB 39","ARIZONA","ARIZONA (BB 39)","","BATTLESHIP","BB 38","","Dedicated as an Memorial","","05/30/1962","","","","","Naval Shipyard New York","06/24/1913","10/17/1916","03/16/1914","","06/19/1915","12/29/1941","10/17/1916","","","12/01/1942","608 ft","600 ft","106 ft","","33 ft","","32600 tons","37654 tons","5054 tons","Steel hull, steel superstructure.","4","","Steam Turbines","93","1639","","","","","ARIZONA WAS BLOWN UP AND SANK BY DIRECT BOMB HITS FROM JAPANESE AIRCRAFT DURING THE ATTACK ON PEARL HARBOR NAVAL SHIPYARD, PEARL, HI ON 12/7/1941. SHE WAS PLACED "" IN ORDINARY"" (OUT OF COMMISSION, LAID UP) ON 12/29/1941 AND STRICKEN ON 12/1/1942. ON 5/30/1962, THE NATIONAL PARKS SERVICE ACQUIRED CUSTODY OF THE SHIP FOR PUBLIC DISPLAYING, HOWEVER, THE US NAVY RETAINS TITLE.","08/30/2001"
"SSN 803","ARIZONA","ARIZONA (SSN 803)","","SUBMARINE (NUCLEAR-POWERED)","SSN 774","","Under construction","","03/02/2020","","","","","General Dynamics Electric Boat","12/02/2019","","","","","","","","","","","","","","","","","","","","","","Steam Turbines (Nuclear)","","","","General Dynamics Electric Boat","","PMS 450","","10/14/2021"
"BB 33","ARKANSAS","ARKANSAS (BB 33)","(ex - BATTLESHIP #33)","BATTLESHIP","BB 32","","Disposed of in support of Fleet training exercise","","07/25/1946","","","","","New York Shipbuilding Corp.","09/25/1909","09/17/1912","01/25/1910","","01/14/1911","07/29/1946","09/14/1912","","","08/15/1946","562 ft","554 ft","106 ft","","32 ft","","26100 tons","33600 tons","7500 tons","Steel hull, steel superstructure.","4","","Steam Turbines","104","1756","US NAVY","","","","EMPLOYED AS A TARGET SHIP IN THE ATOMIC BOMB TESTS AT BIKINI ATOLL IN 7/1946. SHE SUNK ON 7/25/1946 AS A RESULT OF THE TEST ""BAKER"" BLAST.","07/22/2002"
"CGN 41","ARKANSAS","ARKANSAS (CGN 41)","(ex - DLGN 41)","GUIDED MISSILE CRUISER (NUCLEAR-PROPULSION)","CGN 38","20807","Disposed of by Recycling","","11/01/1999","","","","","Newport News Shipbuilding","01/31/1975","10/18/1980","01/17/1977","","10/21/1978","07/07/1998","09/29/1980","","","07/07/1998","586 ft","560 ft","63 ft","62 ft","32 ft","23 ft","10669 tons","11673 tons","1004 tons","Steel hull, aluminum superstructure.","2","","Steam Turbine (Nuclear)","35","428","PUGET SOUND NAVAL SHIPYARD, BREMERTON, WA (NAVSHIPYD)","","","","","10/19/2001"
"SSN 800","ARKANSAS","ARKANSAS (SSN 800)","","SUBMARINE (NUCLEAR-POWERED)","SSN 774","","Under construction","","03/02/2018","","","","","Newport News Shipbuilding","04/28/2014","","","","","","","","","","","","","","","","","","","","","","Steam Turbine (Nuclear)","","","","General Dynamics Electric Boat","","","","10/14/2021"
"DDG 51","ARLEIGH BURKE","USS ARLEIGH BURKE (DDG 51)","","GUIDED MISSILE DESTROYER","DDG 51","21487","Active, in commission","U.S. ATLANTIC FLEET","07/04/1991","ROTA, SPAIN","","","Battle Force","Bath Iron Works Corp.","04/02/1985","07/04/1991","12/06/1988","","09/16/1989","","04/29/1991","","","","505 ft","466 ft","66 ft","59 ft","31 ft","22 ft","6691 tons","8960 tons","2269 tons","Steel hull, steel superstructure.","2","","Gas Turbines","26","330","US NAVY","General Dynamics Bath Iron Works","","PMS 407","","08/26/2021"
"AGMR 2","ARLINGTON","ARLINGTON (AGMR 2)","(ex - CC 3)","MAJOR COMMUNICATIONS RELAY SHIP","AGMR 2","03348","Disposed of, by Navy Sale","","06/01/1976","","","","","","","","","","","","","","","08/15/1975","","","","","","","","","","","","","","","","SCHOOLS, ORGANIZATIONS AND PRIVATE ENTERPRISES","","","","","12/28/2001"
"LPD 24","ARLINGTON","USS ARLINGTON (LPD 24)","","AMPHIBIOUS TRANSPORT DOCK","LPD 17","23180","Active, in commission","U.S. ATLANTIC FLEET","04/06/2013","NORFOLK, VA","","","Battle Force","Northrop Grumman Ship Systems Ingalls Operations","11/06/2006","02/08/2013","05/26/2008","","11/23/2010","","12/07/2012","","","","684 ft","656 ft","105 ft","105 ft","","24 ft","19100 tons","25750 tons","6650 tons","Steel hull, steel superstructure.","2","","Diesel Engines","38","364","US NAVY","Huntington Ingalls Industries - Ingalls Shipbuilding","","PMS 407","","10/15/2021"
"LKA 56","ARNEB","ARNEB (LKA 56)","(ex - AKA 56)","AMPHIBIOUS CARGO SHIP","LKA 56","01256","Disposed of, by Navy Sale","","03/01/1973","","","","","","","","","","","","","","","08/13/1971","","","","","","","","","","","","","","","","SCHOOLS, ORGANIZATIONS AND PRIVATE ENTERPRISES","","","","","01/02/2002"
"DD 869","ARNOLD J ISBELL","ARNOLD J ISBELL (DD 869)","","DESTROYER","DD 710","52169","Disposed of through the Security Assistance Program (SAP), transferred, cash sale, ex-US fleet hull foreign military sale case number assigned","","07/01/1978","","","","","","","","","","","","","","","02/01/1974","","","","","","","","","","","","","","","","GREECE","","","","","02/16/2011"
